{
  "max_width_frac": 0.4,
  "y_min_court_frac": 0.1,
  "max_players": 10,
  "total_frames": 45,
  "include_predicted_in_counts": false,
  "mean_players_per_frame": 9.822222222222223,
  "std_players_per_frame": 0.4365973934308555,
  "min_players_per_frame": 8,
  "max_players_per_frame": 10,
  "mean_observed_per_frame": 9.822222222222223,
  "mean_predicted_per_frame": 0.0,
  "frames_with_full_coverage": 38,
  "total_id_switches": 2,
  "mean_track_streak": 27.571428571428573,
  "min_track_streak": 3,
  "mean_displacement": 3.8589927083530324,
  "max_jump": 25.456826196523384,
  "rolling_loss_frames": 0,
  "sudden_drop_frames": 0,
  "tag": "w0.4_y0.1_p10",
  "ade": 5.868504506028961,
  "baseline_ade": 7.159439143056546,
  "delta_ade": -1.2909346370275854
}