{
  "global_visibility_fraction": 0.7577777777777778,
  "frames_with_zero_visible": 0,
  "per_slot_visibility": [
    1.0,
    1.0,
    1.0,
    1.0,
    0.8666666666666667,
    0.6666666666666666,
    0.6666666666666666,
    0.6444444444444445,
    0.4888888888888889,
    0.24444444444444444
  ],
  "per_slot_empty_fraction": [
    0.0,
    0.0,
    0.0,
    0.0,
    0.1333333333333333,
    0.33333333333333337,
    0.33333333333333337,
    0.3555555555555555,
    0.5111111111111111,
    0.7555555555555555
  ],
  "min_global_visibility_threshold": 0.7,
  "max_slot_empty_fraction_threshold": 0.6,
  "passed": false
}