{
  "train_loss": [
    0.10495518914916936,
    0.02493607877370189,
    0.0214972581495257,
    0.02078239882693571,
    0.019965101252583897,
    0.01874912979409975,
    0.016250271240577978,
    0.012440880103146328,
    0.008790459018200636,
    0.006106425925870152,
    0.004234876415199216,
    0.003012730466092334,
    0.0020609552191351264,
    0.0014025810832048163,
    0.001233599306193783,
    0.0010522800593582146,
    0.0009054190184756675,
    0.0008184851167778321,
    0.0007546801729511251,
    0.000705003782915061,
    0.00070630300187451,
    0.0006522586302119581,
    0.0006169654593309935,
    0.000592779231202953,
    0.0005982386030475883,
    0.000570812402977882,
    0.0005234385710483527,
    0.0005193877937820028,
    0.0005419804861851255,
    0.0005130390088786097,
    0.0004870500398443683,
    0.0004628900034517488,
    0.00044555448831113824,
    0.0004270886249073288,
    0.0004197831594330423,
    0.0004236826464287279,
    0.00040349881986484807,
    0.0004172549028333057,
    0.0003950276449733578,
    0.0003430467571460587,
    0.00033016405444975724,
    0.00036841106553123714,
    0.0003421815190984703,
    0.000333256069365341,
    0.0003132345180561328,
    0.00030489868368022144,
    0.0003083877929705469,
    0.0003013441541149993,
    0.0002966176509610651,
    0.0002578870189609006,
    0.0002653524305274272,
    0.00026456233600209304,
    0.00026955867104013176,
    0.00025134840860332856,
    0.00023211481611189598,
    0.00022981839463361264,
    0.00022795639747260685,
    0.00022534811047508437,
    0.00021884847956243902,
    0.00022301836939090316,
    0.00021200994310407515,
    0.00019988327061154824,
    0.0001965440854238456,
    0.000202400643234689,
    0.00019473421579117284,
    0.00019536646997199997,
    0.0001893826830543249,
    0.00019498536900808925,
    0.0001803365585681818,
    0.0001798712567987797,
    0.0001806481895447873,
    0.00018205241683651418,
    0.00018269647518857657,
    0.00016827634039252778,
    0.0001694022212177515,
    0.0001578552833320025,
    0.0001532962016747607,
    0.00015500456313876545,
    0.00014586553408983438,
    0.00014647018671145334
  ],
  "val_loss": [
    0.030453720688819887,
    0.02257695309817791,
    0.021526289731264116,
    0.02101493701338768,
    0.02031013071537018,
    0.018637415766716004,
    0.016295119561254977,
    0.012378829158842563,
    0.009581844229251147,
    0.006594589352607727,
    0.006307342275977135,
    0.004107050504535437,
    0.0036467546597123146,
    0.0031035666819661857,
    0.0026782648637890816,
    0.0029532274231314657,
    0.002446647477336228,
    0.0022790214279666543,
    0.0023468547267839314,
    0.0021828664001077415,
    0.0022461475571617486,
    0.002019207412377,
    0.0019867907743901015,
    0.0019461995689198375,
    0.0019227701937779783,
    0.0019386189058423042,
    0.0018378973240032793,
    0.0018262027064338327,
    0.001787114911712706,
    0.0016835688147693872,
    0.0017198821529746055,
    0.0017513110535219312,
    0.001538814208470285,
    0.0017060918733477592,
    0.001602708804421127,
    0.0013455098145641387,
    0.0015232381294481457,
    0.001442836900241673,
    0.0013789053307846188,
    0.0013613468734547495,
    0.0014132690848782659,
    0.0013250536168925465,
    0.0014193849405273796,
    0.0011647310224361719,
    0.001180396741256118,
    0.0012076304177753628,
    0.0011839791783131658,
    0.0011702144984155893,
    0.0011739418841898441,
    0.001071978290565312,
    0.0010817092726938427,
    0.0011408846010453999,
    0.0010562929790467023,
    0.0010572304832749068,
    0.0010258067981339992,
    0.0010663997498340904,
    0.0010600186418741942,
    0.0009905563551001252,
    0.0009116453118622303,
    0.0009680553572252393,
    0.0009275145828723907,
    0.001026339631062001,
    0.0009537889156490565,
    0.0008998261531814933,
    0.0009201103472150862,
    0.0008405612781643868,
    0.0008645771187730134,
    0.0009239916922524572,
    0.0008694075513631105,
    0.0008317723870277405,
    0.0009128108038567006,
    0.0009372866014018654,
    0.0009282048442400992,
    0.0007989839185029268,
    0.0008210391213651746,
    0.0008074620622210204,
    0.0008256130269728601,
    0.0007600125682074577,
    0.0008275736821815371,
    0.0008215167792513967
  ]
}