{
  "train_loss": [
    0.10296350605785846,
    0.02448705192655325,
    0.0227530631236732,
    0.022341184597462416,
    0.02118839919567108,
    0.020014243945479394,
    0.018831789307296277,
    0.01665216451510787,
    0.013685820391401649,
    0.01047268023248762,
    0.006822445837315172,
    0.005045238370075822,
    0.003992758685490117,
    0.0028100178926251827,
    0.0020811080816201867,
    0.0016202561149839313,
    0.0013944143371190875,
    0.00130237823468633,
    0.001138301973696798,
    0.0010458691569510848,
    0.0010026534931967036,
    0.0009569412941345945,
    0.0009604681225027889,
    0.0009489714575465769,
    0.0008810788625851273,
    0.0008499114541336894,
    0.0008462077297735959,
    0.0008085511624813079,
    0.0007824973756214604,
    0.000802576806745492,
    0.0007733054895652458,
    0.000755292476969771,
    0.0007108229139703326,
    0.0006600186141440644,
    0.0006984362931689248,
    0.0006526118944748305,
    0.0006146854924736544,
    0.0006280061468714848,
    0.0006004574155667797,
    0.0005907546103117057,
    0.000593011658929754,
    0.000572554835525807,
    0.0005478268270962871,
    0.0005187784961890429,
    0.000519250618526712,
    0.0005048000966780819,
    0.0005279687175061554,
    0.00048138662532437593,
    0.0005246446540695615,
    0.0005137977117556147,
    0.000504057297075633,
    0.00048554726381553335,
    0.0004605557463946752,
    0.0004322280117776245,
    0.00045146236807340755,
    0.00042945736204274,
    0.00041388699755771083,
    0.00041346819198224695,
    0.000414734473451972,
    0.00038497571076732127,
    0.0003773667078348808,
    0.0003616775036789477,
    0.00036014563447679394,
    0.00038182100834092123,
    0.00039210057511809284,
    0.00035174855001969264,
    0.0003631778890849091,
    0.0003670599093311466,
    0.0003484717584797181,
    0.0003815313044469804,
    0.00035169772891094906,
    0.0003638133071945049,
    0.00036216099688317626,
    0.00036211188562447206,
    0.00035149723407812417,
    0.00037666807329514993,
    0.00035475457552820445,
    0.0003306418991996907,
    0.0003351810810272582,
    0.000376535915711429
  ],
  "val_loss": [
    0.028103154773513477,
    0.02787335899968942,
    0.025808993726968765,
    0.027008166536688805,
    0.027657244975368183,
    0.02926802324752013,
    0.03551644335190455,
    0.04248121753334999,
    0.04198880245288213,
    0.035770390182733536,
    0.04783433054884275,
    0.03764824445048968,
    0.04254678636789322,
    0.04401029025514921,
    0.039078752199808754,
    0.03969426701466242,
    0.04136250292261442,
    0.03605486204226812,
    0.03759130338827769,
    0.03550261507431666,
    0.03600345551967621,
    0.03421907499432564,
    0.03588543521861235,
    0.03453195157150427,
    0.03381957858800888,
    0.03519929014146328,
    0.03443956437210242,
    0.03420001082122326,
    0.038855914026498795,
    0.03530364607771238,
    0.03661462664604187,
    0.0361012127250433,
    0.035406420628229775,
    0.035400240371624626,
    0.03397022498150667,
    0.03598114475607872,
    0.03389292024075985,
    0.03651650001605352,
    0.034770155946413674,
    0.03617433148125807,
    0.03535580697158972,
    0.03416530042886734,
    0.031969468419750534,
    0.0331656721731027,
    0.03308325571318468,
    0.03451556588212649,
    0.03534360850850741,
    0.03240367273489634,
    0.037225548177957535,
    0.032102215414245926,
    0.0313103881975015,
    0.03556509440143903,
    0.034437223648031555,
    0.03430071411033472,
    0.032493773847818375,
    0.033963996917009354,
    0.03408302180469036,
    0.03437886076668898,
    0.03336795109013716,
    0.032966081673900284,
    0.03351765995224317,
    0.033065917591253914,
    0.033784629156192146,
    0.03261000600953897,
    0.03446565940976143,
    0.03264067818721136,
    0.03347847859064738,
    0.03162433827916781,
    0.03235975466668606,
    0.03253557036320368,
    0.03452076266209284,
    0.03458149482806524,
    0.03461047696570555,
    0.03130529013772806,
    0.03208584897220135,
    0.032284023240208626,
    0.03359066881239414,
    0.030886560678482056,
    0.034331717217961945,
    0.031374032298723854
  ]
}