{
  "recommended_ablation": "sanitize_plus_velocity_cap",
  "num_seeds": 10,
  "ade_mean": 5.216165129404107,
  "ade_values": [
    7.479674384313496,
    2.9592217680475397,
    4.048253580863184,
    5.03034925646777,
    6.177934080513895,
    5.341381052987484,
    4.056540910003025,
    5.22450575575322,
    6.48939356546132,
    5.354396939630138
  ],
  "num_frames_per_seed": {
    "offset_0s": 45,
    "offset_2s": 45,
    "offset_4s": 45,
    "offset_6s": 45,
    "offset_8s": 45,
    "offset_10s": 45,
    "offset_12s": 45,
    "offset_14s": 45,
    "offset_16s": 45,
    "offset_18s": 45
  },
  "seeds": [
    "offset_0s",
    "offset_2s",
    "offset_4s",
    "offset_6s",
    "offset_8s",
    "offset_10s",
    "offset_12s",
    "offset_14s",
    "offset_16s",
    "offset_18s"
  ],
  "ade_std": 1.246655827810245
}