{
  "global_visibility_fraction": 0.8066666666666666,
  "frames_with_zero_visible": 0,
  "per_slot_visibility": [
    0.9777777777777777,
    0.9777777777777777,
    0.9555555555555556,
    0.9555555555555556,
    0.9555555555555556,
    0.8,
    0.6444444444444445,
    0.6444444444444445,
    0.5777777777777777,
    0.5777777777777777
  ],
  "per_slot_empty_fraction": [
    0.022222222222222254,
    0.022222222222222254,
    0.0444444444444444,
    0.0444444444444444,
    0.0444444444444444,
    0.19999999999999996,
    0.3555555555555555,
    0.3555555555555555,
    0.4222222222222223,
    0.4222222222222223
  ],
  "min_global_visibility_threshold": 0.7,
  "max_slot_empty_fraction_threshold": 0.6,
  "passed": true
}