{
  "train_loss": [
    0.10229805955553756,
    0.023486553198274446,
    0.02015727396835299,
    0.019552339525783762,
    0.01930423015180756,
    0.01935955586240572,
    0.018731210819062066,
    0.015909094308667323,
    0.011293358607765506,
    0.008077872177476393,
    0.006266027332886177,
    0.0046694837510585785,
    0.003147134598454132,
    0.0019806582097183258,
    0.0013293865520287963,
    0.001048941514454782,
    0.0009388642844415325,
    0.0008557069402955034,
    0.0008395860649590544,
    0.0008221570922828772,
    0.0008238600087626016,
    0.0007446030093192615,
    0.0007186890819438678,
    0.0006817656822557397,
    0.0006549061406129861,
    0.0006441822590525536,
    0.0006134048658970962,
    0.0005913172807434903,
    0.0005532793515800115,
    0.0005082007846795022,
    0.0004933441557702335,
    0.0004916548718670931,
    0.00047053675071391114,
    0.0004527724676710718,
    0.00044277166221838663,
    0.0004326470216790981,
    0.0003913070215597091,
    0.0004052985391086515,
    0.0003704980395816486,
    0.000363855401862084,
    0.00034243345212684395,
    0.0003347468754167066,
    0.00033267781905391635,
    0.00032161962350501735,
    0.00031767474309376935,
    0.00030035414537825784,
    0.0003004247512709459,
    0.0002767146575292025,
    0.0002687622096238877,
    0.0002723897880915662,
    0.0002387599430649596,
    0.00022328210573451703,
    0.00023433091529809376,
    0.00022401213337776854,
    0.00022231340271365994,
    0.0002109247793936554,
    0.00021809706402778188,
    0.00021757702137727072,
    0.00020412045020801837,
    0.00019322181384161334,
    0.00018947192139047033,
    0.00018610155487241333,
    0.00019696678860140417,
    0.00019354948958875064,
    0.00019136817119193866,
    0.0001886570149936768,
    0.00018411719322423726,
    0.00017433392863227602,
    0.00018267209045862888,
    0.00016811741721432875,
    0.00016118341591209173,
    0.00016022349711206248,
    0.000154018695705899,
    0.00016669555813731516,
    0.00017047973832471624,
    0.00016149375176824192,
    0.00015677301288472817,
    0.0001470278178149944,
    0.00015634834648260628,
    0.0001620916386052747
  ],
  "val_loss": [
    0.045292633771896365,
    0.0313655287027359,
    0.031984953209757805,
    0.031067217141389845,
    0.03191598355770111,
    0.02965366132557392,
    0.03100511021912098,
    0.027731475606560706,
    0.027198303118348123,
    0.02829206772148609,
    0.026557912304997443,
    0.02480753920972347,
    0.023462776839733124,
    0.023486409336328506,
    0.022648950293660163,
    0.022461620345711707,
    0.02267499752342701,
    0.022336427867412568,
    0.022535321488976478,
    0.022962354123592377,
    0.02267170436680317,
    0.02235630005598068,
    0.022407137602567673,
    0.02287042699754238,
    0.022016992792487144,
    0.022335878387093545,
    0.022758645564317705,
    0.02239585518836975,
    0.02263682521879673,
    0.0220615204423666,
    0.021711475774645807,
    0.022117310389876365,
    0.02172686941921711,
    0.02264276146888733,
    0.021573888137936592,
    0.02208620011806488,
    0.022229599580168725,
    0.022039206326007844,
    0.021926183626055716,
    0.021238484233617783,
    0.021736053004860877,
    0.021872390434145926,
    0.021468845009803773,
    0.021696746721863745,
    0.021759700030088425,
    0.021769497916102408,
    0.021581173315644263,
    0.02161732241511345,
    0.02130180671811104,
    0.021390794590115548,
    0.020974894613027574,
    0.021690290421247482,
    0.021833916008472443,
    0.021412509307265282,
    0.02117585726082325,
    0.021366880834102632,
    0.021716189011931418,
    0.021684716641902923,
    0.022166460007429122,
    0.02156812623143196,
    0.02145985998213291,
    0.021221277862787248,
    0.021838754415512085,
    0.021465522423386573,
    0.021724563837051392,
    0.02122565358877182,
    0.021070018783211707,
    0.02140556164085865,
    0.02088349685072899,
    0.021451692283153533,
    0.021725477278232576,
    0.02167600467801094,
    0.021481717377901076,
    0.021152236312627793,
    0.02117018438875675,
    0.021506185829639434,
    0.02127249166369438,
    0.021169834956526756,
    0.021434394270181657,
    0.021161647140979768
  ]
}