{
  "train_loss": [
    0.09251902597025037,
    0.02316096117720008,
    0.021194835752248765,
    0.021335792355239393,
    0.021864253375679255,
    0.021127894055098295,
    0.02004438447766006,
    0.018415134772658347,
    0.014546435978263616,
    0.00976051592733711,
    0.006375960679724813,
    0.004271809768397361,
    0.0030190988909453154,
    0.002160797134274617,
    0.0016845142818056047,
    0.0014528902742313222,
    0.0012468079221434891,
    0.0010495955910300836,
    0.0010212965426035225,
    0.0009310725843533873,
    0.0008591506455559283,
    0.0008486512931995093,
    0.0007495921658119187,
    0.0007407958211842925,
    0.0007231822819449008,
    0.0006992332186200656,
    0.0007092124316841364,
    0.0006111743728979491,
    0.0005675616936059669,
    0.0005136412510182709,
    0.0005479376122821122,
    0.0004944221102050506,
    0.0004978779586963355,
    0.0004560258879791945,
    0.00046620337743661364,
    0.00042856083164224403,
    0.0003994292055722326,
    0.0003789952286751941,
    0.00035900626971852034,
    0.00034053383715217935,
    0.00033897978719323876,
    0.00031139367711148226,
    0.00030456801250693387,
    0.0002922965977631975,
    0.000276890959503362,
    0.00027566300341277385,
    0.0002662030361534562,
    0.00027341588938725183,
    0.0002886246104026213,
    0.0002656718628713861,
    0.0002651879090990406,
    0.0002582939901913051,
    0.00023013336685835385,
    0.00021990089808241465,
    0.00020633257954614237,
    0.00019955893294536508,
    0.00020164869783911854,
    0.00020648927747970446,
    0.00021015038073528557,
    0.00019616380450315773,
    0.0001882446616946254,
    0.00017831485856731888,
    0.00017757577879820018,
    0.00019892764903488568,
    0.00018749976443359627,
    0.00017947491724044085,
    0.0001995325248572044,
    0.0001850839595135767,
    0.000166131245350698,
    0.00016375166669604368,
    0.00017511042824480683,
    0.0001679352637438569,
    0.00015313781768782063,
    0.00014994125158409587,
    0.00015030992799438536,
    0.0001538692489702953,
    0.0001471812622185098,
    0.00014393624041986186,
    0.0001401911384164123,
    0.00015102285251487047
  ],
  "val_loss": [
    0.02668631759782632,
    0.023508423939347267,
    0.021313846111297607,
    0.022843293224771816,
    0.02049539362390836,
    0.022868941848476727,
    0.017905195554097492,
    0.019870687276124954,
    0.015383982099592686,
    0.013374945459266504,
    0.011594603769481182,
    0.01258376364906629,
    0.013455841379861036,
    0.013662809506058693,
    0.01371737445394198,
    0.013025700735549131,
    0.013446235718826452,
    0.012865790786842505,
    0.012728642051418623,
    0.012557395113011202,
    0.013436393501857916,
    0.012534632037083307,
    0.013022693494955698,
    0.01304533239454031,
    0.012592464064558348,
    0.012738049340744814,
    0.012659898959100246,
    0.01272931881248951,
    0.012412198819220066,
    0.01217002390573422,
    0.012532583437860012,
    0.011953878526886305,
    0.012192517518997192,
    0.011706360926230749,
    0.011733190156519413,
    0.011911875878771147,
    0.011814678087830544,
    0.012238474873205027,
    0.012051746249198914,
    0.011765255282322565,
    0.012092155404388905,
    0.012171958573162556,
    0.011785305415590605,
    0.011965570971369743,
    0.012269857029120127,
    0.012127111665904522,
    0.011753922638793787,
    0.01232972927391529,
    0.012565755906204382,
    0.012070709218581518,
    0.012604310177266598,
    0.012182360825439295,
    0.012482229620218277,
    0.012327028438448906,
    0.011776000571747621,
    0.012051877255241076,
    0.012114979637165865,
    0.011957972620924314,
    0.01261543482542038,
    0.012840423422555128,
    0.013027936220169067,
    0.01240808671961228,
    0.012853429963191351,
    0.011832042907675108,
    0.012377412058413029,
    0.011957776732742786,
    0.012670917126039663,
    0.012390763188401857,
    0.012050145616134008,
    0.01233147643506527,
    0.01276759368677934,
    0.0121082349990805,
    0.012242685072124004,
    0.012688888236880302,
    0.012520025794704756,
    0.01258107926696539,
    0.012691178979972998,
    0.012501207490762075,
    0.012259803712368011,
    0.012471375055611134
  ]
}