{
  "train_loss": [
    0.13479697649531505,
    0.024715840926065165,
    0.01948126350693843,
    0.018748558290741024,
    0.018470358760917887,
    0.01798650107401259,
    0.015575912123655571,
    0.011698672712287483,
    0.008858883178190273,
    0.006867865319637691,
    0.005769504097235554,
    0.004743943922221661,
    0.0035486182690981556,
    0.002413128372555708,
    0.0016586841631899862,
    0.0012700387536931563,
    0.0010788375854163485,
    0.000989328046082793,
    0.000999964972245781,
    0.000981198384097832,
    0.0009491740047986455,
    0.000892903672887341,
    0.0008975694483310423,
    0.000857865037259591,
    0.0008589654530891601,
    0.0008586092906839707,
    0.0008178923710468499,
    0.0007967858725939604,
    0.0008139322950121234,
    0.0007813937982599087,
    0.0007239347084096688,
    0.0007258858086596079,
    0.0007753016800373135,
    0.0007430294542299474,
    0.0006935403593268027,
    0.0006853512793039793,
    0.0006526293085805853,
    0.0006417236770229304,
    0.0006381951525862165,
    0.0005775810893871548,
    0.0005608375803978346,
    0.0005638689104029361,
    0.0005455578588332762,
    0.0005309750644407948,
    0.000508348794777275,
    0.0005164490841493449,
    0.0004928850582526887,
    0.000515077160397435,
    0.0004956585557117839,
    0.0004746707204236265,
    0.00044169996673350823,
    0.00046792694004526474,
    0.00047211700653219046,
    0.00045528497909853123,
    0.0004412887107772643,
    0.00040735323358710636,
    0.0004067513150135603,
    0.0003930484150152873,
    0.00040456760154270073,
    0.0003941313993624028,
    0.00039521957103929976,
    0.000374766400508473,
    0.00033644910881241015,
    0.0003009448683930232,
    0.0003089826829690377,
    0.0003015827969647944,
    0.0003088991849354523,
    0.0002774035554680535,
    0.0002710345108746825,
    0.0002755850462777102,
    0.0002864952839445323,
    0.000292135204825386,
    0.0002714565266882453,
    0.00025103630682946564,
    0.00023967787102960488,
    0.00022730116153765907,
    0.00025744719588307333,
    0.0002675090534681016,
    0.00021978172213386963,
    0.00023890871071831926
  ],
  "val_loss": [
    0.03498573899269104,
    0.03257720172405243,
    0.031348999962210654,
    0.030574087426066397,
    0.0312290009111166,
    0.030409714207053185,
    0.027224750071763993,
    0.027658095583319664,
    0.029294504225254057,
    0.02670818902552128,
    0.026951175555586813,
    0.028234418109059335,
    0.028616154193878175,
    0.026538458094000815,
    0.026767915487289427,
    0.025428226217627525,
    0.02439231425523758,
    0.022986144572496415,
    0.024274076148867608,
    0.02479209341108799,
    0.02381056807935238,
    0.02316545434296131,
    0.02353745698928833,
    0.02284354418516159,
    0.022702834382653237,
    0.0241945706307888,
    0.0230317123234272,
    0.022699019685387612,
    0.02323901616036892,
    0.023376603797078132,
    0.02280338779091835,
    0.021881416067481042,
    0.022003412991762162,
    0.02210637703537941,
    0.0217863105237484,
    0.02263518050312996,
    0.022631235420703888,
    0.021687103435397148,
    0.022287271544337274,
    0.021455489844083787,
    0.021609251201152802,
    0.021860458701848984,
    0.02171606421470642,
    0.022299882769584656,
    0.022472869977355002,
    0.02128080204129219,
    0.02160649187862873,
    0.021863900870084763,
    0.021075301244854926,
    0.02142171785235405,
    0.02272745259106159,
    0.021868230402469636,
    0.022683925181627273,
    0.022905853763222694,
    0.022410393878817558,
    0.022610439360141753,
    0.02282034605741501,
    0.022501406073570252,
    0.023043131455779076,
    0.023504225164651872,
    0.023778827115893363,
    0.02288356050848961,
    0.023871517553925515,
    0.02239132933318615,
    0.022709998488426208,
    0.022615319490432738,
    0.022942923381924628,
    0.022925680875778197,
    0.02266543433070183,
    0.02243581898510456,
    0.023097609356045722,
    0.022181539237499236,
    0.022653184458613397,
    0.022853203862905503,
    0.023119962960481643,
    0.022784803435206412,
    0.022322894632816316,
    0.024016381427645683,
    0.022553645074367523,
    0.022245966643095017
  ]
}