{
  "train_loss": [
    0.11851640678942203,
    0.024696195125579835,
    0.020427066087722778,
    0.020059415698051454,
    0.019370021857321264,
    0.017481442354619504,
    0.01432955488562584,
    0.010599027946591377,
    0.0072948909830302,
    0.005299232457764447,
    0.0040703720413148405,
    0.003449471457861364,
    0.002988466247916222,
    0.0023134364280849697,
    0.002063810033723712,
    0.0014547766942996532,
    0.0012762866856064648,
    0.0010314617946278303,
    0.001006895035970956,
    0.0009186904702801257,
    0.0008800737909041345,
    0.0008901351015083492,
    0.000916174499434419,
    0.0008911303055356256,
    0.0008070407464401796,
    0.0007823138512321748,
    0.0007800379360560327,
    0.0008144694846123457,
    0.0007968572317622602,
    0.0007650286017451436,
    0.0007565373816760257,
    0.0008130925561999902,
    0.0008133392315357923,
    0.0007787714886944741,
    0.0007003681152127683,
    0.0006407186272554099,
    0.000727790521341376,
    0.0006831779421190732,
    0.0005793765783892013,
    0.0006171145956614055,
    0.0006098568832385354,
    0.0005415411942522041,
    0.0006052569282473996,
    0.0005440536784590222,
    0.0005357341477065347,
    0.0004973401519237086,
    0.0005004281047149561,
    0.0005247097127721645,
    0.0004869902360951528,
    0.0005261887883534655,
    0.0004928536043735221,
    0.0004364274485851638,
    0.0004587418879964389,
    0.00044125265994807703,
    0.00042211934487568215,
    0.00043916091381106525,
    0.00045125752367312086,
    0.0004445142898475751,
    0.00044609083561226727,
    0.00042457061499590054,
    0.00042823923722608016,
    0.0004017626066342928,
    0.00036187952646287157,
    0.00040251687169075013,
    0.00039398010267177597,
    0.0003745818103197962,
    0.0003840455879981164,
    0.0003863513644319028,
    0.0004424273647600785,
    0.0005011852001189255,
    0.00041751649041543715,
    0.0003380008653039113,
    0.00031420815648743885,
    0.000309521548479097,
    0.000330586101335939,
    0.00028231670439708977,
    0.00032332119008060545,
    0.00028909911707160064,
    0.0002609228467918001,
    0.00026041138407890686
  ],
  "val_loss": [
    0.03144225291907787,
    0.02274353864292304,
    0.022282550111413002,
    0.02178525614241759,
    0.019735347479581833,
    0.019662888099749882,
    0.016024030434588592,
    0.013597059063613415,
    0.0116865374147892,
    0.010899875002602736,
    0.011252445168793201,
    0.011946665743986765,
    0.012059042230248451,
    0.013327210210263729,
    0.011825849612553915,
    0.01129299153884252,
    0.011207726784050465,
    0.01202978566288948,
    0.01135871404161056,
    0.011130126503606638,
    0.0114970151335001,
    0.011497240513563156,
    0.011400959144035975,
    0.011826267776389917,
    0.011161182696620623,
    0.010991593512396017,
    0.011270985007286072,
    0.010778464066485563,
    0.011340718405942122,
    0.010961431078612804,
    0.010758591194947561,
    0.009603300442298254,
    0.01044368650764227,
    0.01009407794723908,
    0.010208331048488617,
    0.009854602006574472,
    0.011079279705882072,
    0.010452672218283018,
    0.011069883902867636,
    0.011052289977669716,
    0.010875706871350607,
    0.010542048141360283,
    0.010585132986307144,
    0.010286819189786911,
    0.011251970194280148,
    0.011435500656565031,
    0.011164624243974686,
    0.010699016352494558,
    0.011069432832300663,
    0.011555902349452177,
    0.010937237491210302,
    0.011346672972043356,
    0.010590831749141216,
    0.010893119809528192,
    0.010263715870678425,
    0.0111405523493886,
    0.011547532863914967,
    0.010404028929769993,
    0.011388001032173634,
    0.01149291917681694,
    0.010999167338013649,
    0.01178430144985517,
    0.011610415453712145,
    0.010989350577195486,
    0.010402273697157701,
    0.011774182630081972,
    0.012826641090214252,
    0.01183414924889803,
    0.011565080533425013,
    0.012478571695586046,
    0.011530659471948942,
    0.011305340255300203,
    0.012740526348352432,
    0.012423094362020493,
    0.012034681004782518,
    0.011879950140913328,
    0.0119237145408988,
    0.011982770636677742,
    0.011958246740202108,
    0.011980261964102587
  ]
}