{
  "train_loss": [
    0.26315946877002716,
    0.11002661908666293,
    0.034872952538232006,
    0.02259731727341811,
    0.019808549744387467,
    0.015941736443589132,
    0.0141921805528303,
    0.013757109021147093,
    0.012911913450807333,
    0.012502895900979638,
    0.013381839729845524,
    0.01247605262324214,
    0.012514095908651749,
    0.012771510053426027,
    0.012263360898941755,
    0.01621163294961055,
    0.013153205160051584,
    0.012489488193144401,
    0.011569381846735874,
    0.01632616746549805,
    0.010693676769733429,
    0.008466392561482886,
    0.0069048974352578325,
    0.005428288791639109,
    0.004588629002682865,
    0.003652743762359023,
    0.0022518432136469833,
    0.0020610482897609472,
    0.0013609984792613734,
    0.001172097695719761,
    0.0011970574657122295,
    0.0012677514168899506,
    0.0010636918984043102,
    0.0008738562658739587,
    0.0011220622691325843,
    0.0010042578699843336,
    0.001077684573829174,
    0.0009252676391042769,
    0.0008457103588928779,
    0.0007752583866628507,
    0.0007983077860747775,
    0.0008459207213794192,
    0.0008058206488688787,
    0.0007298563214135356,
    0.0007484896826402595,
    0.0006595187733182684,
    0.0007304661169958612,
    0.0006507782891276293,
    0.0006466782433562912,
    0.000648126884091956,
    0.000580095496843569,
    0.0010065661772387102,
    0.0007089150700873385,
    0.0007706621545366943,
    0.0005986233882140368,
    0.0007249572518048808,
    0.000554376851747899,
    0.0005832384388971453,
    0.0004851051623215123,
    0.000801665698721384,
    0.000568115656885008,
    0.00074131859097785,
    0.0006603077345062047,
    0.0005693034521148851,
    0.0005287069701201593,
    0.0005473153820882241,
    0.00047857301615295,
    0.0007026165064113835,
    0.000543313353167226,
    0.0005266845788961897,
    0.0005001132424998408,
    0.0004735599650302902,
    0.00042831735966804746,
    0.00037326370026372996,
    0.0004124871629755944,
    0.0004441707763665666,
    0.0004999401959745834,
    0.0004275834168462704,
    0.00038956417605125654,
    0.0003969777899328619
  ],
  "val_loss": [
    0.20909452438354492,
    0.07947133481502533,
    0.0439990870654583,
    0.05196160636842251,
    0.04779358580708504,
    0.038571473211050034,
    0.03590950928628445,
    0.03784814663231373,
    0.037859512493014336,
    0.037573736160993576,
    0.0366675890982151,
    0.03661152347922325,
    0.03666218742728233,
    0.037634216248989105,
    0.038884732872247696,
    0.03518769517540932,
    0.026765520684421062,
    0.030975080095231533,
    0.040407245978713036,
    0.037793342024087906,
    0.02600625716149807,
    0.02880478836596012,
    0.02997436188161373,
    0.025620742700994015,
    0.01833254750818014,
    0.010163174476474524,
    0.006642514606937766,
    0.0044452776201069355,
    0.003936168970540166,
    0.0037759168772026896,
    0.0038271750090643764,
    0.003547836095094681,
    0.0030754985054954886,
    0.0029443472158163786,
    0.003060367424041033,
    0.0030708940466865897,
    0.002753752749413252,
    0.0029360806802287698,
    0.0029393600998446345,
    0.002904533874243498,
    0.003042336320504546,
    0.003090294892899692,
    0.0029273367254063487,
    0.0030540466541424394,
    0.0029971806798130274,
    0.0029684575274586678,
    0.0031155261676758528,
    0.0029046483105048537,
    0.0030681928619742393,
    0.003206675057299435,
    0.0028661995893344283,
    0.002915895194746554,
    0.0031169382855296135,
    0.003181412583217025,
    0.003174232435412705,
    0.0030404450371861458,
    0.0032783710630610585,
    0.003680553985759616,
    0.003366520977579057,
    0.003351608174853027,
    0.0032009334536269307,
    0.0029815174639225006,
    0.0032289933878928423,
    0.0032130071194842458,
    0.0029588433681055903,
    0.0030304959509521723,
    0.002962969010695815,
    0.0031872920226305723,
    0.0030574817210435867,
    0.0033689929405227304,
    0.0030487326439470053,
    0.0032852869480848312,
    0.00333231792319566,
    0.003173557692207396,
    0.0030352756148204207,
    0.0032110263127833605,
    0.0035201272694393992,
    0.0031243545236065984,
    0.0030837964732199907,
    0.003216565353795886
  ]
}