{
  "train_loss": [
    3.108507987111807,
    2.232459796592593,
    2.175109663978219,
    2.2558090006932616,
    2.1883616279810667,
    2.133072859607637,
    2.1814019763842225,
    2.383345884270966,
    2.3974265959113836,
    2.1453469283878803,
    2.236180112697184,
    2.429120294749737,
    2.1270133713260293,
    2.331962120719254,
    2.230207609012723,
    2.3440809343010187,
    2.24127912055701,
    2.526291527785361,
    2.1759615261107683,
    2.3944354820996523,
    2.444400920532644,
    2.1265415297821164,
    2.3310989271849394,
    2.3142458787187934,
    2.340062945149839,
    2.462253493256867,
    2.300608036108315,
    2.4802806777879596,
    2.4886172553524375,
    2.3553565330803394,
    2.280450430698693,
    2.4511222895234823,
    2.346784381195903,
    2.4178245309740305,
    2.3209038600325584,
    2.835607886314392,
    2.2902133455500007,
    2.5479254061356187,
    2.6374811064451933,
    3.077933500520885,
    2.6416327245533466,
    2.624619004316628,
    2.6676895432174206,
    2.4308652887120843,
    2.760192286223173,
    2.8573711132630706,
    2.5965732727199793,
    2.6688652839511633,
    2.727155818603933,
    2.6575516862794757,
    2.4886575005948544,
    2.997792479582131,
    3.0838500689715147,
    2.487068008631468,
    2.324424659833312,
    2.5469958977773786,
    2.5513346837833524,
    2.3356591761112213,
    2.512512040324509,
    2.5397091805934906,
    2.8598003266379237,
    2.6659200079739094,
    2.6143135810270905,
    2.6640462428331375,
    2.5282087260857224,
    2.491223287768662,
    2.3496793573722243,
    2.626692520454526,
    2.7374466694891453,
    2.271667412482202,
    2.5573381576687098,
    2.522655059583485,
    2.316085858270526,
    2.5324224438518286,
    2.9699789602309465,
    2.4169053165242076,
    2.1892349226400256,
    2.4420975921675563,
    2.4264577887952328,
    2.269513111561537
  ],
  "val_loss": [
    0.8133445779482523,
    0.7298778692881266,
    0.7066044012705485,
    0.6981925368309021,
    0.6881698767344157,
    0.681342363357544,
    0.6736418604850769,
    0.6709655125935873,
    0.6822106838226318,
    0.6631624102592468,
    0.6602928737799326,
    0.6977397402127584,
    0.6813970406850179,
    0.6820575594902039,
    0.6739212473233541,
    0.6836864550908407,
    0.6750413378079733,
    0.6986778378486633,
    0.6776995261510214,
    0.6805984775225321,
    0.6659531593322754,
    0.6555136938889822,
    0.6635613044102987,
    0.6707929174105326,
    0.6923420230547587,
    0.6937512556711832,
    0.6684473156929016,
    0.6839798291524252,
    0.7180215120315552,
    0.6662343442440033,
    0.6486077706019083,
    0.678579568862915,
    0.6503369013468424,
    0.6761100888252258,
    0.6880893111228943,
    0.6918958822886149,
    0.6656626661618551,
    0.6700278719266256,
    0.6918421785036722,
    0.7146069606145223,
    0.6920755306879679,
    0.66913241147995,
    0.675105353196462,
    0.6728276312351227,
    0.6913550098737081,
    0.7005029320716858,
    0.687225878238678,
    0.664626936117808,
    0.6744479735692342,
    0.6792852083841959,
    0.66813196738561,
    0.6961364150047302,
    0.7004893024762472,
    0.6815577149391174,
    0.7062325874964396,
    0.6937638819217682,
    0.670829842487971,
    0.6851333975791931,
    0.6917879978815714,
    0.7032256921132406,
    0.7632285753885905,
    0.7215538024902344,
    0.6789972186088562,
    0.7393784523010254,
    0.707268754641215,
    0.6745166778564453,
    0.685383141040802,
    0.7412449717521667,
    0.7902601559956869,
    0.6819440126419067,
    0.7129195332527161,
    0.7146874268849691,
    0.7922203143437704,
    0.7297661105791727,
    0.70787513256073,
    0.7271201213200887,
    0.6849382718404134,
    0.8252479235331217,
    0.6705110172430674,
    0.680267870426178
  ],
  "val_forecast_ade_px": [
    3.4613453505611096,
    2.7941254874338974,
    2.5972858989560925,
    2.5983400060719735,
    2.451289412218171,
    2.51063846607466,
    2.363960621828163,
    2.3575775460415596,
    2.3884531720163853,
    2.355939665879752,
    2.1895461632391893,
    2.388094663297808,
    2.3112731314490778,
    2.2808096056048934,
    2.2258108313421947,
    2.454298754046495,
    2.3712236682104098,
    2.554924373872377,
    2.1940041521790663,
    2.4675001842347353,
    2.2394890942686314,
    2.1481706005143555,
    2.2753845642345985,
    2.205672124289983,
    2.4389816294348723,
    2.3260858856141566,
    2.342902376502752,
    2.300554412250986,
    2.7157988152189834,
    2.2127875855242882,
    2.1636565803575354,
    2.335558133370973,
    2.1475393823775892,
    2.3430276602506637,
    2.3286788815380755,
    2.3970081477551846,
    2.2451924559333034,
    2.2895835858140443,
    2.338764483260142,
    2.989244679391787,
    2.5683113700634723,
    2.3565452250777867,
    2.2804241765793916,
    2.2137619230090766,
    2.3115179900382015,
    2.3629886694655227,
    2.4547168513810314,
    2.2922063487405713,
    2.345207579756105,
    2.321448665625743,
    2.324431904365082,
    2.3911137574729886,
    2.6144368759180243,
    2.2149390354651857,
    2.2864762546645627,
    2.282744842445528,
    2.1983989683961545,
    2.300826818153665,
    2.419537369317904,
    2.3382177271754356,
    2.672992664011749,
    2.298546052552961,
    2.2523438155852458,
    2.558566704050109,
    2.497193322209893,
    2.3636424618798335,
    2.2196871710085384,
    2.4860470646136514,
    2.6267046692101537,
    2.284011660918996,
    2.3225801961244765,
    2.5064115568995478,
    2.671548694573544,
    2.4296918383925346,
    2.382432594754406,
    2.5027093851687137,
    2.217639558963679,
    2.911336827741281,
    2.2600855025085242,
    2.263773303076222
  ]
}