{
  "train_loss": [
    0.08497847160324454,
    0.023688442818820477,
    0.020819384697824718,
    0.019900330901145936,
    0.01834146953187883,
    0.016792382299900054,
    0.01381966918706894,
    0.009752805484458804,
    0.006223050388507545,
    0.004644438496325165,
    0.0036302423919551074,
    0.00241172380046919,
    0.0016438795166322962,
    0.0013169280311558396,
    0.0010876325133722276,
    0.0009170754434308037,
    0.0009470656776102259,
    0.000832316093146801,
    0.0007730217679636553,
    0.0007474799931515008,
    0.0007252435781992972,
    0.0006570436060428619,
    0.0006846457603387534,
    0.0005980256479233504,
    0.000555585946131032,
    0.0005341066615073941,
    0.0005287951527861879,
    0.0004943521518725902,
    0.00043836811237270014,
    0.00044556220236700026,
    0.00040901580068748445,
    0.0004096336255315691,
    0.00039182904874905943,
    0.0003379069825314218,
    0.00031806921906536446,
    0.0003323416036437266,
    0.00034003542095888405,
    0.00035531024041119964,
    0.0003130230164970271,
    0.0003150566641124897,
    0.0003039919814909808,
    0.0003076152643188834,
    0.0002695855706406292,
    0.00026693500331020914,
    0.000259901045501465,
    0.00024764693444012664,
    0.00024876924508134837,
    0.00024092491512419655,
    0.00024127724609570577,
    0.0002367920365941245,
    0.00023258398286998271,
    0.0002209039274021052,
    0.0002148716819647234,
    0.00021541156020248308,
    0.00019202220282750205,
    0.00021488699785550126,
    0.00021664080559276045,
    0.0002199711983848829,
    0.00019648242596304044,
    0.00018384388240519912,
    0.00018787522494676523,
    0.00018156427759095096,
    0.00018050355283776297,
    0.00017251317767659203,
    0.00017264540947508066,
    0.00016097781917778775,
    0.00017797804102883674,
    0.00016650181823933962,
    0.00016852467524586245,
    0.00016541291188332252,
    0.0001729887015244458,
    0.00015640835626982153,
    0.00014509237043967005,
    0.00015451061299245338,
    0.00016524491002201103,
    0.00016314569365931674,
    0.0001503971165220719,
    0.00015269152936525643,
    0.00015440385686815716,
    0.00014176103031786623
  ],
  "val_loss": [
    0.022942029560605686,
    0.023687912772099178,
    0.023630873610575993,
    0.02595924275616805,
    0.03438684095939001,
    0.03569851567347845,
    0.03346620500087738,
    0.033196937292814255,
    0.039007281263669334,
    0.03619747795164585,
    0.035844603553414345,
    0.03539401665329933,
    0.034731730818748474,
    0.033553894609212875,
    0.03421169767777125,
    0.03284848605593046,
    0.03374177900453409,
    0.03287880184749762,
    0.033758390694856644,
    0.02991290142138799,
    0.029074416185418766,
    0.0317437369376421,
    0.028676604231198628,
    0.02856971261401971,
    0.03194808028638363,
    0.028919602433840435,
    0.030898200968901317,
    0.031208526343107224,
    0.02785606247683366,
    0.02961605538924535,
    0.030444908887147903,
    0.030544346198439598,
    0.029483721901973087,
    0.0288230087608099,
    0.029222138226032257,
    0.030402664095163345,
    0.029489532733956974,
    0.030341831346352894,
    0.02873484045267105,
    0.029509583488106728,
    0.030160608390967052,
    0.027915445466836292,
    0.029316046585639317,
    0.027997200687726338,
    0.030556161577502888,
    0.02781779815753301,
    0.029205032313863438,
    0.03004920296370983,
    0.02931820849577586,
    0.030568863575657208,
    0.02940301038324833,
    0.02631635529299577,
    0.028268659487366676,
    0.028981898600856464,
    0.02983897676070531,
    0.031456256906191506,
    0.027949130162596703,
    0.030763740340868633,
    0.029332052916288376,
    0.030128634224335354,
    0.029240401461720467,
    0.029283486927549045,
    0.02993767646451791,
    0.030525269607702892,
    0.029839991281429928,
    0.03075120411813259,
    0.0312943309545517,
    0.027851988871892292,
    0.029221405585606892,
    0.029411567995945614,
    0.02983086121579011,
    0.03219337575137615,
    0.03179974605639776,
    0.029304911692937214,
    0.032128116115927696,
    0.029280276969075203,
    0.030775103097160656,
    0.029652199397484463,
    0.03030994161963463,
    0.028868680198987324
  ]
}