{
  "train_loss": [
    0.10175784907358534,
    0.023238439112901688,
    0.019963155993643927,
    0.018848937990910867,
    0.01708480343222618,
    0.014793266103986432,
    0.011708105585592635,
    0.008877098889035337,
    0.00605679045924369,
    0.00406986495534725,
    0.002972588504609816,
    0.0021176171447972163,
    0.0016711184083867598,
    0.0013178250793477193,
    0.0011796590851565055,
    0.0010284141993478818,
    0.0009490855496979374,
    0.0008559021722141872,
    0.0008092243361341603,
    0.00073700027732069,
    0.0007026804737774108,
    0.0006629773552584298,
    0.0006217823213185457,
    0.0006272817451698596,
    0.0005973680253031061,
    0.0005733886226902113,
    0.0005214003664578366,
    0.0005215009903836557,
    0.00046347165377536676,
    0.0004501475504024283,
    0.0004455398525083985,
    0.0004328549890915918,
    0.00040498147341970573,
    0.0003893924449050032,
    0.0003829789176747641,
    0.00036033277180703245,
    0.00034625251154305744,
    0.00036692659213098097,
    0.0003256295561133062,
    0.0003141314852708841,
    0.0003073605082189555,
    0.00030211271779776057,
    0.00031620049027397353,
    0.00027379587802844234,
    0.00026615330716595054,
    0.000250132311039659,
    0.0002469591820366023,
    0.0002460046876769732,
    0.0002505674287128974,
    0.00022403856650378336,
    0.00021657053987249076,
    0.0002214253438390134,
    0.0002306376280851991,
    0.00020645766327267184,
    0.00021001481218263507,
    0.00020130065882660667,
    0.00020047002009746125,
    0.0001896231294856133,
    0.00018046505540362834,
    0.00018176027087439948,
    0.00017837692832793384,
    0.00017169538049903864,
    0.00017119819205939113,
    0.00017009048572029262,
    0.0001686180373379851,
    0.00016812144295887693,
    0.00016324888651177068,
    0.0001567379491889904,
    0.00015369084019980887,
    0.0001649311837836114,
    0.00014924369957845877,
    0.00014626084799494813,
    0.0001583813556113883,
    0.00015321809212978492,
    0.0001497600695823648,
    0.00014098038809606805,
    0.00013225414381047492,
    0.00014105271881870816,
    0.00013766782264129315,
    0.00013300987826797236
  ],
  "val_loss": [
    0.04442063644528389,
    0.03128114379942417,
    0.031827036663889884,
    0.032795559242367746,
    0.03437518253922463,
    0.03432582840323448,
    0.03863729536533356,
    0.04324530884623527,
    0.04325712472200394,
    0.041292828321456906,
    0.04055834040045738,
    0.044723597913980485,
    0.04300789982080459,
    0.04345281720161438,
    0.043424349278211594,
    0.04214279130101204,
    0.041281751543283465,
    0.042913198471069336,
    0.04285082519054413,
    0.04170152842998505,
    0.041216906160116196,
    0.04143252298235893,
    0.04199829548597336,
    0.04188748300075531,
    0.04083953127264976,
    0.04120206534862518,
    0.040879253298044205,
    0.04052553474903107,
    0.040737292170524596,
    0.0408106729388237,
    0.03982189893722534,
    0.04135344550013542,
    0.039974217861890794,
    0.04066062942147255,
    0.040162289142608644,
    0.04052961096167564,
    0.04197642356157303,
    0.040228520333766934,
    0.04154030233621597,
    0.04096398651599884,
    0.04111563563346863,
    0.04176744669675827,
    0.04070642590522766,
    0.04093621745705604,
    0.04212413728237152,
    0.041810353845357896,
    0.041833119839429854,
    0.041218945384025575,
    0.041928914934396745,
    0.041722162067890166,
    0.04196577742695808,
    0.04134940877556801,
    0.042115820199251176,
    0.04186685159802437,
    0.042303378134965895,
    0.042410874366760255,
    0.04233773797750473,
    0.04125698655843735,
    0.04176152944564819,
    0.041459542512893674,
    0.04117904007434845,
    0.04075598642230034,
    0.04191137030720711,
    0.04268719628453255,
    0.04092863127589226,
    0.04168250560760498,
    0.042544860392808914,
    0.04121953099966049,
    0.041727888584136966,
    0.04184604212641716,
    0.04125377237796783,
    0.041323140263557434,
    0.041788242757320404,
    0.04096407368779183,
    0.04117761701345444,
    0.04140588641166687,
    0.04122161641716957,
    0.04312538132071495,
    0.04206011667847633,
    0.042812636494636534
  ]
}