{
  "train_loss": [
    0.28089307248592377,
    0.15212177932262422,
    0.059748698770999906,
    0.02401052452623844,
    0.026525356248021124,
    0.02273012846708298,
    0.01868743300437927,
    0.017708412185311318,
    0.017021427862346172,
    0.01695417258888483,
    0.015846554934978486,
    0.015605677105486392,
    0.016376387141644955,
    0.015473830327391625,
    0.015513690374791621,
    0.015340394526720046,
    0.015645437873899937,
    0.01482869815081358,
    0.013115727715194226,
    0.010226426273584365,
    0.006088838167488575,
    0.0037093757186084987,
    0.0026244640350341795,
    0.0017899714410305023,
    0.001512870122678578,
    0.0012723270803689957,
    0.0012021718488540501,
    0.0014220252400264145,
    0.0012302099610678851,
    0.0011859473306685686,
    0.0012493629939854145,
    0.0012822341872379185,
    0.0014765748172067105,
    0.0010807163955178112,
    0.001195496297441423,
    0.0011229032883420587,
    0.001141125848516822,
    0.0010317709064111113,
    0.001184815529268235,
    0.0010316786007024347,
    0.0010717114550061525,
    0.0010028182703536003,
    0.0013010885566473007,
    0.0010114116710610687,
    0.0010050608834717423,
    0.001151427172590047,
    0.0010898719658143819,
    0.001177360292058438,
    0.0009940851479768753,
    0.0009820049162954092
  ],
  "val_loss": [
    0.19522875547409058,
    0.06225140765309334,
    0.03195197073121866,
    0.029345149795214336,
    0.029130882273117702,
    0.030295580625534058,
    0.024012298012773197,
    0.025005891919136047,
    0.026661723852157593,
    0.025631455704569817,
    0.023825804392496746,
    0.02455819087723891,
    0.02546132728457451,
    0.024562304839491844,
    0.02378588231901328,
    0.02384587749838829,
    0.023663302262624104,
    0.024803899228572845,
    0.024894471590717632,
    0.025705980757872265,
    0.024806810542941093,
    0.025722593069076538,
    0.026390240838130314,
    0.02793925628066063,
    0.02651121032734712,
    0.027062223603328068,
    0.027349743371208508,
    0.027395029241840046,
    0.027736241618792217,
    0.028100034222006798,
    0.029371248558163643,
    0.02770011934141318,
    0.028764413048823673,
    0.025651275490721066,
    0.026585695023338,
    0.028379991029699642,
    0.026394134387373924,
    0.0288431067019701,
    0.02655636953810851,
    0.026117452730735142,
    0.027835223823785782,
    0.026029231647650402,
    0.027511728927493095,
    0.025187704091270764,
    0.026266132791837055,
    0.02578314021229744,
    0.025277637566129368,
    0.025054262951016426,
    0.025241602212190628,
    0.025257200623552006
  ]
}