{
  "global_visibility_fraction": 0.8688888888888889,
  "frames_with_zero_visible": 0,
  "per_slot_visibility": [
    1.0,
    1.0,
    1.0,
    1.0,
    0.9333333333333333,
    0.8444444444444444,
    0.7777777777777778,
    0.7333333333333333,
    0.7333333333333333,
    0.6666666666666666
  ],
  "per_slot_empty_fraction": [
    0.0,
    0.0,
    0.0,
    0.0,
    0.06666666666666665,
    0.15555555555555556,
    0.2222222222222222,
    0.2666666666666667,
    0.2666666666666667,
    0.33333333333333337
  ],
  "min_global_visibility_threshold": 0.7,
  "max_slot_empty_fraction_threshold": 0.6,
  "passed": true
}