{
  "train_loss": [
    2.7181735932826996,
    1.5949163347482682,
    1.5571422308683396,
    1.419336386024952,
    1.5607291281223297,
    1.520108014345169,
    1.4987730771303176,
    1.528075858950615,
    1.482398623228073,
    1.6483887940645219,
    1.685861374437809,
    1.38353473842144,
    1.6176285475492478,
    1.3480237156152726,
    1.4148539662361146,
    1.3861789032816887,
    1.5693949669599534,
    1.4479917287826538,
    1.6332241594791412,
    1.5669274181127548,
    1.5350691705942154,
    1.6549260929226874,
    1.6321711093187332,
    1.8588533356785775,
    1.6560589760541915,
    1.834530445933342,
    1.487048438191414,
    1.706643983721733,
    1.953358566761017,
    1.4298982828855515,
    1.8261871948838233,
    1.5763638108968734,
    1.5264578700065612,
    1.8340155720710754,
    1.5818585246801375,
    1.6462334930896758,
    1.6571715116500854,
    1.8371253877878189,
    2.6636326193809508,
    1.7683799594640732,
    1.6784307062625885,
    1.6897439330816268,
    1.7155481427907944,
    2.0210577070713045,
    1.7105143994092942,
    1.6690379500389099,
    1.6000071793794632,
    1.7081253677606583,
    1.8458262115716935,
    1.6484136611223221,
    1.5204862594604491,
    2.6554032415151596,
    2.066893008351326,
    1.6310973852872848,
    1.88734789788723,
    1.648310014605522,
    1.6247104108333588,
    1.6726882398128509,
    1.7879132181406021,
    1.6094054728746414,
    1.7229566037654878,
    1.3590359181165694,
    1.6168219923973084,
    1.8195949226617814,
    1.7898096561431884,
    1.8154398620128631,
    1.8348136246204376,
    1.5491320550441743,
    1.563473342359066,
    1.5858901143074036,
    1.77864148914814,
    1.948164513707161,
    1.9620625108480454,
    1.6927670493721962,
    1.7568163394927978,
    1.8340000420808793,
    1.896752581000328,
    1.7302016347646714,
    1.6079702913761138,
    1.5934246957302094
  ],
  "val_loss": [
    2.1607940991719565,
    1.8885647654533386,
    1.8937313357988994,
    1.835797131061554,
    1.8202069799105327,
    1.8208516438802083,
    1.7997234066327412,
    1.7798957029978435,
    1.7587477564811707,
    1.781416654586792,
    1.7910048166910808,
    1.7712270617485046,
    1.7821778456370037,
    1.7599911491076152,
    1.7834859093030293,
    1.7675867279370625,
    1.7674168745676677,
    1.7759926716486614,
    1.7542462746302288,
    1.7624774972597759,
    1.767538179953893,
    1.7887602647145588,
    1.797690490881602,
    1.826388378938039,
    1.756790856520335,
    1.8577430248260498,
    1.7607728441556294,
    1.7676883737246196,
    1.7765377163887024,
    1.7555700143178303,
    1.7822618683179219,
    1.8089079062143962,
    1.7596784035364788,
    1.8664895296096802,
    1.7738890250523884,
    1.7697083155314128,
    1.867085039615631,
    1.8034290273984273,
    1.7789055903752644,
    1.7974967956542969,
    1.7780014673868816,
    1.7967525323232014,
    1.754144161939621,
    1.8126698732376099,
    1.7902377446492512,
    1.7715879281361897,
    1.7495359778404236,
    1.7795536319414775,
    1.8047329982121785,
    1.7658357620239258,
    1.7680246631304424,
    1.7714596192042034,
    1.787007749080658,
    1.8006862998008728,
    1.7921019196510315,
    1.7673024733861287,
    1.7871484359105427,
    1.7608322501182556,
    1.7644362449645996,
    1.7608855565388997,
    1.8139145374298096,
    1.7451219757397969,
    1.7464435299237568,
    1.7984470129013062,
    1.7796392639478047,
    1.8091974258422852,
    1.7692853411038716,
    1.7760757009188335,
    1.7767020066579182,
    1.7726906140645344,
    1.7714548110961914,
    1.8224153121312459,
    1.800057093302409,
    1.7656725645065308,
    1.824893832206726,
    1.7804346283276875,
    1.7734392682711284,
    1.753889222939809,
    1.767092525959015,
    1.770721693833669
  ],
  "val_forecast_ade_px": [
    9.100266697788172,
    7.38599264081,
    7.894079516118088,
    7.221637469641554,
    7.1119898749087165,
    6.651169900005875,
    7.037193136738608,
    6.506447534750208,
    6.595300472756832,
    6.631095370633781,
    6.717292818006056,
    6.552067266828755,
    6.623748079066131,
    6.400477509357427,
    6.733176627400179,
    6.476307459278781,
    6.754524233309846,
    6.570096671529671,
    6.495071774601441,
    6.516676177072063,
    6.47428437600485,
    6.522800985011698,
    6.761512835724202,
    6.62136935428239,
    6.4552193966970215,
    7.197417543308392,
    6.368167768596282,
    6.3120364655129135,
    6.434138479108543,
    6.3847435733040285,
    6.449270724259585,
    6.706776599103064,
    6.332427624644005,
    7.268090959091431,
    6.503523107277554,
    6.497295577677581,
    6.995627322814678,
    6.707088973053274,
    6.424377802315676,
    6.6068958385623064,
    6.818976746361259,
    6.827880436879611,
    6.534041631296071,
    6.8716448502940155,
    6.509369016292188,
    6.430005262102777,
    6.364921612515427,
    6.708945940653703,
    6.7474289011839685,
    6.418400008344914,
    6.330493492701212,
    6.471399739735509,
    6.526743372019968,
    6.781166731341228,
    6.618918054765529,
    6.416412886325012,
    6.560699030509285,
    6.377495137360618,
    6.421279417345729,
    6.4188656981755825,
    6.819805202242039,
    6.266260391209594,
    6.288921949977359,
    6.549442860971197,
    6.539783458382799,
    6.4786305172456595,
    6.5310224996379205,
    6.399488719360815,
    6.631831872269222,
    6.456383124509842,
    6.370903275473626,
    6.771755672681695,
    6.916264112058439,
    6.3248614898967945,
    6.812950770982084,
    6.5211873932682245,
    6.395004253886083,
    6.332217387981465,
    6.361281521639005,
    6.379228290056918
  ]
}