{
  "recommended_ablation": "sanitize_plus_velocity_cap",
  "num_seeds": 16,
  "ade_mean": 5.192619816220191,
  "ade_values": [
    3.7420969781247337,
    4.190689028480679,
    4.155338546205805,
    5.244076960925193,
    5.156381973065352,
    4.013538486416179,
    3.1069569991893715,
    8.48126585442604,
    7.411374048188425,
    5.042669055798352,
    4.434316196339249,
    4.212001301115447,
    7.735792793437434,
    6.721735515493603,
    3.938223160702466,
    5.495460161614725
  ],
  "num_frames_per_seed": {
    "offset_0s": 45,
    "offset_2s": 45,
    "offset_4s": 45,
    "offset_6s": 45,
    "offset_8s": 45,
    "offset_10s": 45,
    "offset_12s": 45,
    "offset_14s": 45,
    "offset_16s": 45,
    "offset_18s": 45,
    "offset_20s": 45,
    "offset_22s": 45,
    "offset_24s": 45,
    "offset_26s": 45,
    "offset_28s": 45,
    "offset_30s": 45
  },
  "seeds": [
    "offset_0s",
    "offset_2s",
    "offset_4s",
    "offset_6s",
    "offset_8s",
    "offset_10s",
    "offset_12s",
    "offset_14s",
    "offset_16s",
    "offset_18s",
    "offset_20s",
    "offset_22s",
    "offset_24s",
    "offset_26s",
    "offset_28s",
    "offset_30s"
  ],
  "ade_std": 1.5349338274650783
}