{
  "global_visibility_fraction": 0.6577777777777778,
  "frames_with_zero_visible": 4,
  "per_slot_visibility": [
    0.8666666666666667,
    0.8,
    0.7555555555555555,
    0.7111111111111111,
    0.6666666666666666,
    0.6222222222222222,
    0.5555555555555556,
    0.5333333333333333,
    0.5333333333333333,
    0.5333333333333333
  ],
  "per_slot_empty_fraction": [
    0.1333333333333333,
    0.19999999999999996,
    0.24444444444444446,
    0.28888888888888886,
    0.33333333333333337,
    0.37777777777777777,
    0.4444444444444444,
    0.4666666666666667,
    0.4666666666666667,
    0.4666666666666667
  ],
  "min_global_visibility_threshold": 0.65,
  "max_slot_empty_fraction_threshold": 0.3,
  "passed": false
}