{
  "global_visibility_fraction": 0.9488888888888889,
  "frames_with_zero_visible": 0,
  "per_slot_visibility": [
    1.0,
    1.0,
    1.0,
    1.0,
    1.0,
    1.0,
    1.0,
    0.9333333333333333,
    0.8666666666666667,
    0.6888888888888889
  ],
  "per_slot_empty_fraction": [
    0.0,
    0.0,
    0.0,
    0.0,
    0.0,
    0.0,
    0.0,
    0.06666666666666665,
    0.1333333333333333,
    0.3111111111111111
  ],
  "min_global_visibility_threshold": 0.7,
  "max_slot_empty_fraction_threshold": 0.6,
  "passed": true
}