{
  "global_visibility_fraction": 0.94,
  "frames_with_zero_visible": 0,
  "per_slot_visibility": [
    1.0,
    1.0,
    1.0,
    1.0,
    1.0,
    1.0,
    0.9111111111111111,
    0.8888888888888888,
    0.8666666666666667,
    0.7333333333333333
  ],
  "per_slot_empty_fraction": [
    0.0,
    0.0,
    0.0,
    0.0,
    0.0,
    0.0,
    0.0888888888888889,
    0.11111111111111116,
    0.1333333333333333,
    0.2666666666666667
  ],
  "min_global_visibility_threshold": 0.7,
  "max_slot_empty_fraction_threshold": 0.3,
  "passed": true
}