{
  "train_loss": [
    5.8921200434366865,
    4.500762236118317,
    4.5890214204788204,
    4.450283082326253,
    4.3129961331685385,
    4.679478693008423,
    4.402175577481588,
    4.244107286135356,
    4.117532698313395,
    4.106719489892324,
    4.2328537702560425,
    4.632216970125834,
    4.456928479671478,
    4.086773649851481,
    4.063616212209066,
    4.0714298486709595,
    4.177536181608835,
    4.357218583424886,
    4.829199473063151,
    4.710860602060953,
    4.303679490089417,
    4.080985661347707,
    4.047590963045756,
    4.500801865259806,
    4.576461215813954,
    4.620775564511617,
    5.147832413514455,
    4.829829200108846,
    4.803427358468373,
    4.37951869169871,
    5.166276033719381,
    4.490729816754659,
    4.822225205103556,
    5.327965211868286,
    4.760303107897441,
    5.040434535344442,
    5.108753450711569,
    4.735299785931905,
    4.446899819374084,
    4.385184911886851,
    4.7233741760253904,
    4.457662308216095,
    4.549705290794373,
    5.024260346094767,
    4.734671556949616,
    4.812935940424601,
    4.678210771083831,
    4.788556436697642,
    5.238937385876974,
    5.246493931611379,
    4.863934381802877,
    4.273478941122691,
    4.591347253322601,
    5.094225986798604,
    5.095773911476135,
    4.1243517875671385,
    4.428821523984273,
    4.893488413095474,
    4.954414470990499,
    4.265851485729217,
    3.850165037314097,
    5.008880050977071,
    4.561472562948863,
    4.9750730991363525,
    4.310789275169372,
    4.255312796433767,
    6.262324428558349,
    5.305813340346019,
    4.488638571898142,
    4.937090261777242,
    4.074812567234039,
    5.183022467295329,
    4.873954542477926,
    3.965226411819458,
    4.3293103098869326,
    4.694738141695658,
    5.382356635729471,
    4.169934825102488,
    4.688318848609924,
    4.6380125999450685
  ],
  "val_loss": [
    0.853921631971995,
    0.6202796101570129,
    0.5207476814587911,
    0.5069130957126617,
    0.5038610597451528,
    0.46585536003112793,
    0.43866387009620667,
    0.4713391065597534,
    0.4288288156191508,
    0.4221503734588623,
    0.41580350200335187,
    0.4252026081085205,
    0.4727684160073598,
    0.42040019234021503,
    0.41875730951627094,
    0.40725574890772503,
    0.4332280457019806,
    0.4214026828606923,
    0.5176576574643453,
    0.45457982023557025,
    0.44062289595603943,
    0.39221951365470886,
    0.41241203745206195,
    0.42640546957651776,
    0.41968685388565063,
    0.4241800010204315,
    0.4444274405638377,
    0.4329145650068919,
    0.4691505928834279,
    0.40753225485483807,
    0.4495757718880971,
    0.430767556031545,
    0.4462893505891164,
    0.48895274599393207,
    0.4548879563808441,
    0.5072268545627594,
    0.43667973081270856,
    0.5131474335988363,
    0.4552123745282491,
    0.4572757879892985,
    0.40852803985277814,
    0.4185459613800049,
    0.4259527623653412,
    0.4912310441335042,
    0.4653703769048055,
    0.4558013876279195,
    0.44653332233428955,
    0.4230684737364451,
    0.4481151799360911,
    0.514428973197937,
    0.48600096503893536,
    0.44547345240910846,
    0.4464691976706187,
    0.43820932507514954,
    0.44159738222757977,
    0.4072750210762024,
    0.43726106484731037,
    0.445068101088206,
    0.4411199688911438,
    0.4386949936548869,
    0.41334741314252216,
    0.4380054175853729,
    0.4354192515214284,
    0.421875,
    0.41462265451749164,
    0.42943209409713745,
    0.46914422512054443,
    0.528751383225123,
    0.41762099663416546,
    0.4282826781272888,
    0.40223491191864014,
    0.41755985220273334,
    0.42971934874852497,
    0.41997021436691284,
    0.4061487019062042,
    0.41213295857111615,
    0.4102093080679576,
    0.4176883002122243,
    0.40974629918734234,
    0.439006765683492
  ],
  "val_forecast_ade_px": [
    4.124133802769152,
    3.557654643139324,
    2.758850271597102,
    1.9658574685454369,
    2.5110480279938594,
    1.9981772374865172,
    1.7116262234546042,
    1.7774024002656743,
    1.463865033557286,
    1.4615352614461823,
    1.4768187124986907,
    1.5098885938072124,
    1.5656487157316628,
    1.54000713561435,
    1.566373095268736,
    1.3207719141567076,
    1.5298526538787662,
    1.3554658794020478,
    2.260641015139786,
    1.747537193145301,
    1.5803793085587992,
    1.2802513879094575,
    1.2177866561590014,
    1.4949924657977112,
    1.5826604921672796,
    1.5324126578867436,
    1.7256322092502503,
    1.7375005797457856,
    1.8404152144854133,
    1.4255598341895117,
    1.8575795967433903,
    1.4888623052553551,
    1.5913097959917946,
    2.011134835876323,
    1.9161204684223678,
    2.2025590651341385,
    1.8571600207203143,
    2.022024601174367,
    1.6536888154374587,
    1.549076088880365,
    1.264484848927807,
    1.3319185273973524,
    1.3322050471513256,
    2.3139710263625997,
    1.7054787805354272,
    1.4683485850691795,
    1.7993153438777536,
    1.6577027473296668,
    1.8661054410543796,
    2.331592921509936,
    1.9389955037046929,
    1.6985001862049103,
    1.6530343716913785,
    1.7366080206189607,
    1.6015466495542914,
    1.2670267379968554,
    1.6142507973554971,
    1.7181735030853669,
    1.7169383044480473,
    1.7410272758152034,
    1.31501362513046,
    1.6287216075368829,
    1.364342331785608,
    1.4826467552801241,
    1.3818217105458717,
    1.5697241124772543,
    1.6403718810427834,
    2.357605798985507,
    1.3993409639677485,
    1.7382678307190134,
    1.2114505209230089,
    1.3075478827329101,
    1.5588607014433757,
    1.4049838054673494,
    1.2527776585740817,
    1.3874350060280916,
    1.37700655687399,
    1.3272460240568664,
    1.2080769806496194,
    1.4433032943590267
  ]
}