{
  "train_loss": [
    3.3344040487674955,
    2.4892161589987736,
    2.4150332110993404,
    2.516230844436808,
    2.4184255485839032,
    2.4242748960535576,
    2.4795346564434944,
    2.3934137719742794,
    2.3806733286127133,
    2.6772971203986633,
    2.3945384260187756,
    2.53059066166269,
    2.527078168189272,
    2.57029805158047,
    2.7591248947255154,
    2.633060131935363,
    2.650842587998573,
    2.534210871508781,
    2.5648767891082356,
    2.4411591570428075,
    2.5325058717676936,
    2.608965816649985,
    2.6831307436557528,
    2.6739717024437923,
    2.765098013142322,
    2.602802091456474,
    2.7183940220386424,
    2.8718743127711277,
    2.7949969971433597,
    2.8995959213439453,
    2.693461798607035,
    2.776204594272248,
    2.880075029870297,
    2.7070436439615615,
    2.975578583301382,
    3.1597540847798613,
    2.8888783340758466,
    3.0789604783058167,
    2.6324601629947093,
    2.6515073402130858,
    2.750070978986456,
    2.8525490881280695,
    2.6984819947405065,
    2.872927150827773,
    2.9007211708007974,
    2.807709423785514,
    2.820998063746919,
    2.616080310116423,
    2.699625720369055,
    2.798204240646768,
    2.77452448454309,
    2.633401594263442,
    2.8705738142449806,
    2.4882257758302893,
    2.6004684852792863,
    2.585210859775543,
    2.707090347371203,
    2.8948174486769007,
    2.722747873752675,
    2.5437902579916285,
    2.648655154603593,
    2.7636506601851036,
    2.472043000003125,
    2.518776855570205,
    2.582997977733612,
    2.7868763525435267,
    2.6640282083064952,
    2.5750505328178406,
    2.6705497515962477,
    2.4128151472578656,
    2.3187880985280303,
    2.4047994753147695,
    2.3551763917537447,
    2.472514773936982,
    2.4203655960712025,
    2.1131356396573655,
    2.3157664867157632,
    2.4258686399206204,
    2.1654998641064824,
    2.23431563250562
  ],
  "val_loss": [
    1.2526105443636577,
    1.1796551942825317,
    1.175190806388855,
    1.198306103547414,
    1.1709087491035461,
    1.1580587029457092,
    1.1704909205436707,
    1.1840981245040894,
    1.1562437812487285,
    1.1677234768867493,
    1.1622838179270427,
    1.1605101823806763,
    1.162824551264445,
    1.1692121624946594,
    1.1926101048787434,
    1.1571005582809448,
    1.165023108323415,
    1.1648347973823547,
    1.1508912642796834,
    1.1598332325617473,
    1.162447492281596,
    1.1634799639383953,
    1.1675831874211628,
    1.1593708992004395,
    1.1537818908691406,
    1.1609891255696614,
    1.1943389574686687,
    1.1701930165290833,
    1.1766040722529094,
    1.1868658661842346,
    1.171176552772522,
    1.1743688186009724,
    1.1611435612042744,
    1.1515481074651082,
    1.188542624314626,
    1.1780627767244976,
    1.1671797235806782,
    1.1984751621882122,
    1.1571062803268433,
    1.175029456615448,
    1.1868215600649517,
    1.1722220381100972,
    1.1897379557291667,
    1.1754056811332703,
    1.215450127919515,
    1.26765642563502,
    1.1700263619422913,
    1.2019938429196675,
    1.1789930661519368,
    1.1747061212857564,
    1.1943881511688232,
    1.1662193934122722,
    1.206412394841512,
    1.167916218439738,
    1.1845953663190205,
    1.1860475142796834,
    1.2480115294456482,
    1.2023001114527385,
    1.2011959354082744,
    1.198887050151825,
    1.2008552551269531,
    1.2085933486620586,
    1.1600690086682637,
    1.2417483925819397,
    1.1882734894752502,
    1.2387157479921977,
    1.1929135123888652,
    1.2309267322222393,
    1.1827610929807026,
    1.19908740123113,
    1.2159048517545064,
    1.2591596841812134,
    1.2775060931841533,
    1.2302589217821758,
    1.2188070217768352,
    1.2231123050053914,
    1.2376187841097515,
    1.345575173695882,
    1.194585919380188,
    1.4900463819503784
  ],
  "val_forecast_ade_px": [
    4.750112906262115,
    4.037659998696584,
    4.162062357312867,
    4.2836986898065925,
    4.031664076036067,
    3.8971648823347067,
    4.173355397000745,
    3.9605816250646506,
    3.916623338197286,
    3.8878912355054864,
    3.9317832237498447,
    3.9433891851004663,
    3.8872603670704167,
    4.021246139226215,
    4.080622704635671,
    3.987950444630869,
    3.9796776511030947,
    3.8676117078534196,
    3.8008425669069146,
    3.8363008303107224,
    3.904120057370964,
    4.159177744842984,
    3.9173212444184573,
    3.8996555429606974,
    3.8221010790093914,
    3.8854871671390976,
    3.9798114170258927,
    3.834462011069223,
    3.9934667131894237,
    4.099673042268297,
    3.997236693400767,
    3.8543920958885454,
    3.8756422611301415,
    3.8346224210665123,
    3.942599994611445,
    3.962824665214662,
    3.8339254787130344,
    4.34297722246457,
    3.828425369706455,
    3.9086737409848107,
    3.9835108564961907,
    3.9649329960837467,
    4.081033747847918,
    3.959403277733005,
    4.406738532993656,
    4.512763265847832,
    3.9396357926038594,
    4.194957781910569,
    4.055320121573059,
    4.023352678087386,
    4.0665968347873,
    3.935718935530551,
    4.36082190815564,
    4.017403533866445,
    4.008172304666305,
    4.052710769718493,
    4.643679594969029,
    4.1309532989942275,
    4.271373225396479,
    3.9825202749816926,
    4.076804902783216,
    4.1554993101610584,
    3.90053755986494,
    4.454613841415107,
    3.9921190096167747,
    4.349561605397817,
    4.214690016275579,
    4.269191812601063,
    4.126494845539168,
    4.277149269336855,
    4.263857209747965,
    4.475019783825501,
    4.670090801072317,
    4.310586864476676,
    4.255695382440155,
    4.384934098787278,
    4.462023034609936,
    5.012709475357782,
    4.300630370441538,
    5.9336845872790684
  ]
}