{
  "global_visibility_fraction": 0.9577777777777777,
  "frames_with_zero_visible": 0,
  "per_slot_visibility": [
    1.0,
    1.0,
    1.0,
    1.0,
    1.0,
    0.9777777777777777,
    0.9111111111111111,
    0.9111111111111111,
    0.9111111111111111,
    0.8666666666666667
  ],
  "per_slot_empty_fraction": [
    0.0,
    0.0,
    0.0,
    0.0,
    0.0,
    0.022222222222222254,
    0.0888888888888889,
    0.0888888888888889,
    0.0888888888888889,
    0.1333333333333333
  ],
  "min_global_visibility_threshold": 0.7,
  "max_slot_empty_fraction_threshold": 0.6,
  "passed": true
}