{
  "recommended_ablation": "sanitize_plus_velocity_cap",
  "num_seeds": 23,
  "ade_mean": 5.896223978551932,
  "ade_values": [
    7.323413303530377,
    6.659407822167201,
    12.107847175584327,
    3.9457874180455885,
    4.611303384875215,
    4.02128767342683,
    10.468673624561012,
    4.402190370887759,
    4.216005019508112,
    4.649943206489765,
    3.6434416151867133,
    4.288470815728842,
    4.341451810096032,
    6.894945289941969,
    3.6153953761289253,
    4.4243386202893396,
    10.660647042516608,
    7.4856801516697935,
    4.524712279980724,
    5.756600841369299,
    3.922862349827138,
    5.0157320479171155,
    8.63301426696576
  ],
  "num_frames_per_seed": {
    "offset_0s": 45,
    "offset_2s": 45,
    "offset_4s": 45,
    "offset_6s": 45,
    "offset_8s": 45,
    "offset_10s": 45,
    "offset_12s": 45,
    "offset_14s": 45,
    "offset_16s": 45,
    "offset_18s": 45,
    "offset_20s": 45,
    "offset_22s": 45,
    "offset_24s": 45,
    "offset_26s": 45,
    "offset_28s": 45,
    "offset_30s": 45,
    "offset_32s": 45,
    "offset_34s": 45,
    "offset_36s": 45,
    "offset_38s": 45,
    "offset_40s": 45,
    "offset_42s": 45,
    "offset_44s": 45
  },
  "seeds": [
    "offset_0s",
    "offset_2s",
    "offset_4s",
    "offset_6s",
    "offset_8s",
    "offset_10s",
    "offset_12s",
    "offset_14s",
    "offset_16s",
    "offset_18s",
    "offset_20s",
    "offset_22s",
    "offset_24s",
    "offset_26s",
    "offset_28s",
    "offset_30s",
    "offset_32s",
    "offset_34s",
    "offset_36s",
    "offset_38s",
    "offset_40s",
    "offset_42s",
    "offset_44s"
  ],
  "ade_std": 2.4264783973073576
}